id,name,model_id/id,group_id/id,perm_read,perm_write,perm_create,perm_unlink
fleet_vehicle_model_access_right_user,fleet_vehicle_model_access_right,model_fleet_vehicle_model,fleet_group_user,1,0,0,0
fleet_vehicle_tag_access_right_user,fleet_vehicle_tag_access_right,model_fleet_vehicle_tag,fleet_group_user,1,0,0,0
fleet_vehicle_state_access_right_user,fleet_vehicle_state_access_right,model_fleet_vehicle_state,fleet_group_user,1,0,0,0
fleet_vehicle_model_brand_access_right_user,fleet_vehicle_model_brand_access_right,model_fleet_vehicle_model_brand,fleet_group_user,1,0,0,0
fleet_vehicle_model_brand_category_right_user,fleet_vehicle_model_category_access_right,model_fleet_vehicle_model_category,fleet_group_user,1,0,0,0
fleet_vehicle_access_right_user,fleet_vehicle_access_right,model_fleet_vehicle,fleet_group_user,1,1,0,0
fleet_vehicle_log_services_access_right_user,fleet_vehicle_log_services_access_right,model_fleet_vehicle_log_services,fleet_group_user,1,0,0,0
fleet_vehicle_log_contract_access_right_user,fleet_vehicle_log_contract_access_right,model_fleet_vehicle_log_contract,fleet_group_user,1,0,0,0
fleet_service_type_access_right_user,fleet_service_type_access_right,model_fleet_service_type,fleet_group_user,1,0,0,0
fleet_vehicle_model_access_right,fleet_vehicle_model_access_right,model_fleet_vehicle_model,fleet_group_manager,1,1,1,1
fleet_vehicle_tag_access_right,fleet_vehicle_tag_access_right,model_fleet_vehicle_tag,fleet_group_manager,1,1,1,1
fleet_vehicle_state_access_right,fleet_vehicle_state_access_right,model_fleet_vehicle_state,fleet_group_manager,1,1,1,1
fleet_vehicle_odometer_access_right,fleet_vehicle_odometer_access_right,model_fleet_vehicle_odometer,fleet_group_user,1,1,1,1
fleet_vehicle_model_brand_access_right,fleet_vehicle_model_brand_access_right,model_fleet_vehicle_model_brand,fleet_group_manager,1,1,1,1
fleet_vehicle_model_category_access_right,fleet_vehicle_model_brand_category_right,model_fleet_vehicle_model_category,fleet_group_manager,1,1,1,1
fleet_vehicle_access_right,fleet_vehicle_access_right,model_fleet_vehicle,fleet_group_manager,1,1,1,1
fleet_vehicle_log_services_access_right,fleet_vehicle_log_services_access_right,model_fleet_vehicle_log_services,fleet_group_manager,1,1,1,1
fleet_vehicle_log_contract_access_right,fleet_vehicle_log_contract_access_right,model_fleet_vehicle_log_contract,fleet_group_manager,1,1,1,1
fleet_service_type_access_right,fleet_service_type_access_right,model_fleet_service_type,fleet_group_manager,1,1,1,1
access_mail_activity_type_fleet_manager,mail.activity.type.fleet.manager,mail.model_mail_activity_type,fleet.fleet_group_manager,1,1,1,1
access_fleet_vehicle_assignation_log_fleet_group_user,fleet_vehicle_assignation_log fleet_group_user,fleet.model_fleet_vehicle_assignation_log,fleet.fleet_group_user,1,1,1,1
access_fleet_report_manager,fleet_vehicle_cost_report_access_right,model_fleet_vehicle_cost_report,fleet_group_manager,1,0,0,0

